OBJECTID,TrapType,TrapNum,StartLocDate,EndLocDate,Active,Latitude,Longitude,TrapID,SiteName,LocNotes
43,Minnow,1,6/20/2017,6/23/2017,No,48.17491674,-123.1385992,Minnow-1_6/20/2017 7:43:56 AM,,
44,Fukui,1,6/20/2017,6/23/2017,No,48.17498935,-123.1385789,Fukui-1_6/20/2017 7:44:38 AM,,
45,Minnow,2,6/20/2017,6/23/2017,No,48.1750643,-123.1384705,Minnow-2_6/20/2017 7:45:18 AM,,
46,Fukui,2,6/20/2017,6/23/2017,No,48.17493026,-123.1380373,Fukui-2_6/20/2017 7:46:57 AM,,
47,Minnow,3,6/20/2017,6/23/2017,No,48.17490449,-123.137997,Minnow-3_6/20/2017 7:47:45 AM,,
48,Fukui,3,6/20/2017,6/23/2017,No,48.17486438,-123.1379787,Fukui-3_6/20/2017 7:49:07 AM,,
49,Minnow,4,6/20/2017,6/23/2017,No,48.17480926,-123.1379551,Minnow-4_6/20/2017 7:53:13 AM,,
50,Fukui,4,6/20/2017,6/23/2017,No,48.17470825,-123.1379525,Fukui-4_6/20/2017 7:54:05 AM,,
51,Minnow,5,6/20/2017,6/23/2017,No,48.17464976,-123.1380394,Minnow-5_6/20/2017 7:55:15 AM,,
52,Fukui,5,6/20/2017,6/23/2017,No,48.17459006,-123.1380069,Fukui-5_6/20/2017 7:56:26 AM,,
53,Minnow,6,6/20/2017,6/23/2017,No,48.17450049,-123.1378665,Minnow-6_6/20/2017 7:58:45 AM,,
54,Fukui,6,6/20/2017,6/23/2017,No,48.17444779,-123.1374786,Fukui-6_6/20/2017 8:01:01 AM,,
55,Minnow,7,6/20/2017,6/23/2017,No,48.17423408,-123.1372541,Minnow-7_6/20/2017 8:02:29 AM,,
56,Fukui,7,6/20/2017,6/23/2017,No,48.17406213,-123.13725,Fukui-7_6/20/2017 8:03:55 AM,,
57,Minnow,8,6/20/2017,6/23/2017,No,48.17396929,-123.137178,Minnow-8_6/20/2017 8:04:45 AM,,
58,Fukui,8,6/20/2017,6/23/2017,No,48.1739,-123.1370612,Fukui-8_6/20/2017 8:05:44 AM,,
59,Minnow,9,6/20/2017,6/23/2017,No,48.17389013,-123.1370049,Minnow-9_6/20/2017 8:06:28 AM,,
60,Fukui,9,6/20/2017,6/23/2017,No,48.17388701,-123.136939,Fukui-9_6/20/2017 8:07:12 AM,,
61,Minnow,10,6/20/2017,6/23/2017,No,48.1738802,-123.1368349,Minnow-10_6/20/2017 8:08:05 AM,,
62,Fukui,10,6/20/2017,6/23/2017,No,48.17389937,-123.1367301,Fukui-10_6/20/2017 8:11:00 AM,,
63,Minnow,11,6/20/2017,6/23/2017,No,48.1739018,-123.136639,Minnow-11_6/20/2017 8:11:39 AM,,
64,Fukui,11,6/20/2017,6/23/2017,No,48.17392298,-123.1364745,Fukui-11_6/20/2017 8:12:47 AM,,
65,Minnow,12,6/20/2017,6/23/2017,No,48.1739188,-123.1361029,Minnow-12_6/20/2017 8:14:44 AM,,
66,Fukui,12,6/20/2017,6/23/2017,No,48.17389853,-123.1360713,Fukui-12_6/20/2017 8:15:59 AM,,
67,Minnow,13,6/20/2017,6/23/2017,No,48.17387545,-123.1360518,Minnow-13_6/20/2017 8:16:38 AM,,
68,Fukui,13,6/20/2017,6/23/2017,No,48.17385696,-123.1360472,Fukui-13_6/20/2017 8:17:21 AM,,
69,Minnow,14,6/20/2017,6/23/2017,No,48.17383907,-123.1360419,Minnow-14_6/20/2017 8:18:01 AM,,
70,Fukui,17,6/20/2017,6/23/2017,No,48.17340455,-123.1369206,Fukui-17_6/20/2017 8:21:04 AM,,
71,Minnow,19,6/20/2017,6/23/2017,No,48.17343964,-123.1370025,Minnow-19_6/20/2017 8:21:44 AM,,
72,Fukui,18,6/20/2017,6/23/2017,No,48.17350273,-123.1370617,Fukui-18_6/20/2017 8:22:41 AM,,
73,Minnow,20,6/20/2017,6/23/2017,No,48.17374895,-123.137284,Minnow-20_6/20/2017 8:23:54 AM,,
74,Fukui,19,6/20/2017,6/23/2017,No,48.17372701,-123.1373294,Fukui-19_6/20/2017 8:27:02 AM,,
75,Minnow,21,6/20/2017,6/23/2017,No,48.17369053,-123.1373857,Minnow-21_6/20/2017 8:27:46 AM,,
76,Fukui,20,6/20/2017,6/23/2017,No,48.17366441,-123.1374338,Fukui-20_6/20/2017 8:28:41 AM,,
77,Minnow,22,6/20/2017,6/23/2017,No,48.17360133,-123.1374544,Minnow-22_6/20/2017 8:30:39 AM,,
78,Fukui,21,6/20/2017,6/23/2017,No,48.17354441,-123.1374759,Fukui-21_6/20/2017 8:31:36 AM,,
79,Minnow,18,6/20/2017,6/23/2017,No,48.17350075,-123.1374787,Minnow-18_6/20/2017 8:32:34 AM,,
80,Fukui,22,6/20/2017,6/23/2017,No,48.17333853,-123.1374376,Fukui-22_6/20/2017 8:33:38 AM,,
81,Minnow,17,6/20/2017,6/23/2017,No,48.1735326,-123.1366294,Minnow-17_6/20/2017 8:44:38 AM,,
82,Fukui,16,6/20/2017,6/23/2017,No,48.17367185,-123.1365274,Fukui-16_6/20/2017 8:45:55 AM,,
83,Minnow,16,6/20/2017,6/23/2017,No,48.17370624,-123.1364801,Minnow-16_6/20/2017 8:46:34 AM,,
84,Fukui,15,6/20/2017,6/23/2017,No,48.17373345,-123.1363072,Fukui-15_6/20/2017 8:47:16 AM,,
85,Minnow,15,6/20/2017,6/23/2017,No,48.17373667,-123.1361083,Minnow-15_6/20/2017 8:48:07 AM,,
86,Fukui,14,6/20/2017,6/23/2017,No,48.17378549,-123.1360547,Fukui-14_6/20/2017 8:48:47 AM,,
87,Fukui,23,6/20/2017,6/22/2017,No,48.14634113,-123.1858605,Fukui-23_6/20/2017 10:02:24 AM,,
88,Minnow,23,6/20/2017,6/22/2017,No,48.146564,-123.1856421,Minnow-23_6/20/2017 10:06:04 AM,,
89,Fukui,24,6/20/2017,6/23/2017,No,48.14653213,-123.185604,Fukui-24_6/20/2017 10:06:43 AM,,
90,Minnow,24,6/20/2017,6/23/2017,No,48.1464571,-123.1855383,Minnow-24_6/20/2017 10:07:30 AM,,
91,Fukui,25,6/20/2017,6/23/2017,No,48.14641037,-123.1854777,Fukui-25_6/20/2017 10:08:13 AM,,
92,Minnow,25,6/20/2017,6/23/2017,No,48.14636134,-123.1854524,Minnow-25_6/20/2017 10:10:32 AM,,
93,Fukui,26,6/22/2017,6/23/2017,No,48.14647493,-123.1837788,Fukui-25b_6/22/17 9:55:55 AM,,30 perch and 3 large sculpin about 70mm dungie
94,Minnow,26,6/22/2017,6/23/2017,No,48.1466207,-123.1838804,Minnow-26_6/22/17 9:57:07 AM,,
95,Minnow,1,6/26/2017,6/30/2017,No,48.1749336,-123.138593,Minnow-1_6/26/17 11:08:54 AM,,
96,Fukui,1,6/26/2017,6/30/2017,No,48.17493143,-123.138224,Fukui-1_6/26/17 11:10:25 AM,,
97,Minnow,2,6/26/2017,6/30/2017,No,48.17496248,-123.1380762,Minnow-2_6/26/17 11:11:43 AM,,
98,Fukui,2,6/26/2017,6/30/2017,No,48.17492923,-123.1380293,Fukui-2_6/26/17 11:12:47 AM,,
99,Minnow,3,6/26/2017,6/30/2017,No,48.17489865,-123.1379895,Minnow-3_6/26/17 11:13:42 AM,,
100,Fukui,3,6/26/2017,6/30/2017,No,48.1748592,-123.137953,Fukui-3_6/26/17 11:14:40 AM,,
101,Minnow,4,6/26/2017,6/30/2017,No,48.17481776,-123.1379521,Minnow-4_6/26/17 11:15:52 AM,,
102,Fukui,4,6/26/2017,6/30/2017,No,48.17474325,-123.1379477,Fukui-4_6/26/17 11:16:50 AM,,
103,Minnow,5,6/26/2017,6/30/2017,No,48.17470376,-123.1379506,Minnow-5_6/26/17 11:17:44 AM,,
104,Fukui,5,6/26/2017,6/30/2017,No,48.17459105,-123.1380055,Fukui-5_6/26/17 11:18:47 AM,,
105,Minnow,6,6/26/2017,6/30/2017,No,48.17453143,-123.1379094,Minnow-6_6/26/17 11:19:43 AM,,
106,Fukui,20,6/26/2017,6/30/2017,No,48.17445189,-123.1374848,Fukui-20_6/26/17 11:21:11 AM,,
107,Minnow,20,6/26/2017,6/30/2017,No,48.17430435,-123.1372937,Minnow-20_6/26/17 11:22:19 AM,,
108,Fukui,6,6/26/2017,6/30/2017,No,48.17421632,-123.1372369,Fukui-6_6/26/17 11:23:06 AM,,
109,Minnow,7,6/26/2017,6/30/2017,No,48.17397128,-123.137184,Minnow-7_6/26/17 11:24:04 AM,,
110,Fukui,7,6/26/2017,6/30/2017,No,48.17390311,-123.1370662,Fukui-7_6/26/17 11:24:52 AM,,
111,Minnow,8,6/26/2017,6/30/2017,No,48.17389105,-123.137019,Minnow-8_6/26/17 11:25:52 AM,,
112,Fukui,8,6/26/2017,6/30/2017,No,48.1738857,-123.136931,Fukui-8_6/26/17 11:26:57 AM,,
113,Minnow,9,6/26/2017,6/30/2017,No,48.17388011,-123.1368677,Minnow-9_6/26/17 11:27:54 AM,,
114,Fukui,9,6/26/2017,6/30/2017,No,48.17389309,-123.1367534,Fukui-9_6/26/17 11:28:52 AM,,
115,Minnow,10,6/26/2017,6/30/2017,No,48.17390957,-123.1365951,Minnow-10_6/26/17 11:29:50 AM,,
116,Fukui,10,6/26/2017,6/30/2017,No,48.17393549,-123.13635,Fukui-10_6/26/17 11:30:45 AM,,
117,Minnow,11,6/26/2017,6/30/2017,No,48.17390713,-123.1360791,Minnow-11_6/26/17 11:31:47 AM,,
118,Fukui,11,6/26/2017,6/30/2017,No,48.17387142,-123.1360544,Fukui-11_6/26/17 11:32:44 AM,,
119,Minnow,12,6/26/2017,6/30/2017,No,48.1738356,-123.1360463,Minnow-12_6/26/17 11:33:24 AM,,
120,Fukui,12,6/26/2017,6/30/2017,No,48.17380189,-123.1360448,Fukui-12_6/26/17 11:34:08 AM,,
121,Minnow,13,6/26/2017,6/30/2017,No,48.17375717,-123.1360895,Minnow-13_6/26/17 11:34:54 AM,,
122,Fukui,13,6/26/2017,6/30/2017,No,48.17373054,-123.1363043,Fukui-13_6/26/17 11:35:58 AM,,
123,Minnow,14,6/26/2017,6/30/2017,No,48.17370517,-123.1365006,Minnow-14_6/26/17 11:36:52 AM,,
124,Fukui,14,6/26/2017,6/30/2017,No,48.17364114,-123.1365686,Fukui-14_6/26/17 11:37:41 AM,,
125,Minnow,15,6/26/2017,6/30/2017,No,48.17356721,-123.1366026,Minnow-15_6/26/17 11:38:26 AM,,
126,Fukui,15,6/26/2017,6/30/2017,No,48.17343526,-123.136981,Fukui-15_6/26/17 11:39:44 AM,,
127,Minnow,16,6/26/2017,6/30/2017,No,48.1736067,-123.1371487,Minnow-16_6/26/17 11:41:25 AM,,
128,Fukui,16,6/26/2017,6/30/2017,No,48.17373919,-123.1372957,Fukui-16_6/26/17 11:42:21 AM,,
129,Minnow,17,6/26/2017,6/30/2017,No,48.17370144,-123.1373824,Minnow-17_6/26/17 11:43:26 AM,,
130,Fukui,17,6/26/2017,6/30/2017,No,48.17365511,-123.1374361,Fukui-17_6/26/17 11:44:34 AM,,
131,Minnow,18,6/26/2017,6/30/2017,No,48.17362717,-123.1374671,Minnow-18_6/26/17 11:45:33 AM,,
132,Fukui,18,6/26/2017,6/30/2017,No,48.17357997,-123.1374737,Fukui-18_6/26/17 11:46:32 AM,,
133,Minnow,19,6/26/2017,6/30/2017,No,48.17353631,-123.1374791,Minnow-19_6/26/17 11:47:20 AM,,
134,Fukui,19,6/26/2017,6/30/2017,No,48.1734393,-123.1374559,Fukui-19_6/26/17 11:48:24 AM,,
135,Burrow,1,6/26/2017,6/30/2017,No,48.17375511,-123.1364462,Burrow-1_6/26/17 11:50:36 AM,,
136,Burrow,2,6/26/2017,6/30/2017,No,48.17382972,-123.1360291,Burrow-2_6/26/17 11:51:39 AM,,
137,Minnow,21,6/26/2017,6/30/2017,No,48.14744354,-123.1844614,Minnow-21_6/26/17 12:36:40 PM,,
138,Fukui,21,6/26/2017,6/30/2017,No,48.14740961,-123.1843982,Fukui-21_6/26/17 12:37:21 PM,,
139,Minnow,22,6/26/2017,6/30/2017,No,48.14727663,-123.1843432,Minnow-22_6/26/17 12:38:15 PM,,
140,Fukui,22,6/26/2017,6/30/2017,No,48.14676002,-123.1836876,Fukui-22_6/26/17 12:41:38 PM,,
141,Minnow,23,6/26/2017,6/30/2017,No,48.14668622,-123.1836412,Minnow-23_6/26/17 12:43:10 PM,,
142,Fukui,23,6/26/2017,6/28/2017,No,48.14665193,-123.1835522,Fukui-23_6/26/17 12:43:55 PM,,
143,Fukui,24,6/26/2017,6/30/2017,No,48.14646986,-123.183572,Fukui-24_6/26/17 12:45:01 PM,,
144,Fukui,25,6/26/2017,6/30/2017,No,48.1465188,-123.1837684,Fukui-25_6/26/17 12:45:48 PM,,
145,Minnow,24,6/26/2017,6/30/2017,No,48.14661143,-123.1838794,Minnow-24_6/26/17 12:46:40 PM,,
146,Fukui,26,6/26/2017,6/30/2017,No,48.14646897,-123.1855319,Fukui-26_6/26/17 12:51:20 PM,,
147,Minnow,25,6/26/2017,6/30/2017,No,48.1464434,-123.1855291,Minnow-25_6/26/17 12:51:55 PM,,
148,Fukui,27,6/26/2017,6/30/2017,No,48.14653788,-123.1856529,Fukui-27_6/26/17 12:51:20 PM,,
149,Minnow,26,6/26/2017,6/30/2017,No,48.1463137,-123.1854704,Minnow-26_6/26/17 12:51:20 PM,,
150,Fukui,28,6/26/2017,6/30/2017,No,48.14617841,-123.1854727,Fukui-28_6/26/17 12:51:20 PM,,
151,Minnow,27,6/26/2017,6/30/2017,No,48.14607529,-123.1857924,Minnow-27_6/26/17 12:56:49 PM,,
153,Fukui,1,7/5/2017,7/7/2017,No,48.17275619,-123.1384409,Fukui-1_7/5/17 8:31:10 AM,,
154,Minnow,1,7/5/2017,7/7/2017,No,48.17276882,-123.1392773,Minnow-1_7/5/17 8:34:00 AM,,
155,Minnow,2,7/5/2017,7/7/2017,No,48.17281674,-123.1400936,Minnow-2_7/5/17 8:35:36 AM,,
156,Minnow,3,7/5/2017,7/7/2017,No,48.17311601,-123.1394933,Minnow-3_7/5/17 8:37:11 AM,,
157,Fukui,2,7/5/2017,7/7/2017,No,48.17268595,-123.1369563,Fukui-2_7/5/17 8:40:18 AM,,moved new trap fukui
158,Fukui,3,7/5/2017,7/7/2017,No,48.17506421,-123.1384477,Fukui-3_7/5/17 7:46:10 AM,,
159,Minnow,4,7/5/2017,7/7/2017,No,48.17493907,-123.138028,Minnow-4_7/5/17 7:48:31 AM,,
160,Fukui,24,7/5/2017,7/7/2017,No,48.17490141,-123.1379904,Fukui-24_7/5/17 7:50:53 AM,,
161,Minnow,5,7/5/2017,7/7/2017,No,48.17487319,-123.1379675,Minnow-5_7/5/17 7:51:40 AM,,
162,Fukui,4,7/5/2017,7/7/2017,No,48.17482647,-123.1379426,Fukui-4_7/5/17 7:52:18 AM,,
163,Minnow,6,7/5/2017,7/7/2017,No,48.17480511,-123.1379276,Minnow-6_7/5/17 7:53:02 AM,,
164,Fukui,5,7/5/2017,7/7/2017,No,48.17472451,-123.1379467,Fukui-5_7/5/17 7:55:02 AM,,
165,Minnow,7,7/5/2017,7/7/2017,No,48.17461261,-123.1380372,Minnow-7_7/5/17 7:55:48 AM,,
166,Fukui,6,7/5/2017,7/7/2017,No,48.17450993,-123.1378734,Fukui-6_7/5/17 7:56:40 AM,,
167,Fukui,7,7/5/2017,7/7/2017,No,48.17449354,-123.1376854,Fukui-7_7/5/17 7:57:34 AM,,
168,Minnow,8,7/5/2017,7/7/2017,No,48.17430652,-123.1372951,Minnow-8_7/5/17 7:58:42 AM,,
169,Fukui,8,7/5/2017,7/7/2017,No,48.17422224,-123.1372425,Fukui-8_7/5/17 7:59:23 AM,,
170,Minnow,9,7/5/2017,7/7/2017,No,48.17398152,-123.1371881,Minnow-9_7/5/17 8:00:20 AM,,
171,Fukui,9,7/5/2017,7/7/2017,No,48.17389511,-123.1370275,Fukui-9_7/5/17 8:01:23 AM,,
172,Minnow,10,7/5/2017,7/7/2017,No,48.17388222,-123.1369493,Minnow-10_7/5/17 8:04:09 AM,,
173,Fukui,10,7/5/2017,7/7/2017,No,48.17388037,-123.1368782,Fukui-10_7/5/17 8:04:50 AM,,
174,Minnow,11,7/5/2017,7/7/2017,No,48.1738898,-123.1367604,Minnow-11_7/5/17 8:05:52 AM,,
175,Fukui,11,7/5/2017,7/7/2017,No,48.1738983,-123.1366612,Fukui-11_7/5/17 8:06:37 AM,,
176,Minnow,12,7/5/2017,7/7/2017,No,48.1739328,-123.1364334,Minnow-12_7/5/17 8:07:28 AM,,
177,Minnow,13,7/5/2017,7/7/2017,No,48.17387681,-123.1360447,Minnow-13_7/5/17 8:08:30 AM,,
178,Fukui,12,7/5/2017,7/7/2017,No,48.17383806,-123.136042,Fukui-12_7/5/17 8:09:09 AM,,
179,Minnow,14,7/5/2017,7/7/2017,No,48.17378433,-123.1360476,Minnow-14_7/5/17 8:09:49 AM,,
180,Fukui,13,7/5/2017,7/7/2017,No,48.17374043,-123.1361058,Fukui-13_7/5/17 8:10:37 AM,,
181,Minnow,15,7/5/2017,7/7/2017,No,48.17370925,-123.1362061,Minnow-15_7/5/17 8:11:17 AM,,
182,Fukui,14,7/5/2017,7/7/2017,No,48.1737321,-123.1362921,Fukui-14_7/5/17 8:12:01 AM,,
183,Minnow,16,7/5/2017,7/7/2017,No,48.17374721,-123.1364276,Minnow-16_7/5/17 8:12:44 AM,,
184,Fukui,15,7/5/2017,7/7/2017,No,48.17371143,-123.136489,Fukui-15_7/5/17 8:13:21 AM,,
185,Minnow,17,7/5/2017,7/7/2017,No,48.17362655,-123.1365753,Minnow-17_7/5/17 8:14:06 AM,,
186,Fukui,16,7/5/2017,7/7/2017,No,48.17356332,-123.1366128,Fukui-16_7/5/17 8:14:47 AM,,
187,Fukui,17,7/5/2017,7/7/2017,No,48.17349711,-123.1366357,Fukui-17_7/5/17 8:15:30 AM,,
188,Minnow,18,7/5/2017,7/7/2017,No,48.1734228,-123.1369573,Minnow-18_7/5/17 8:16:42 AM,,
189,Fukui,18,7/5/2017,7/7/2017,No,48.17373712,-123.137311,Fukui-18_7/5/17 8:17:56 AM,,
190,Minnow,19,7/5/2017,7/7/2017,No,48.17371768,-123.1373419,Minnow-19_7/5/17 8:19:09 AM,,
191,Fukui,19,7/5/2017,7/7/2017,No,48.1737024,-123.1373867,Fukui-19_7/5/17 8:19:51 AM,,
192,Minnow,20,7/5/2017,7/7/2017,No,48.17366791,-123.137416,Minnow-20_7/5/17 8:20:36 AM,,
193,Fukui,20,7/5/2017,7/7/2017,No,48.17360901,-123.1374551,Fukui-20_7/5/17 8:21:26 AM,,
194,Minnow,21,7/5/2017,7/7/2017,No,48.17353111,-123.1374754,Minnow-21_7/5/17 8:22:11 AM,,
195,Minnow,22,7/5/2017,7/7/2017,No,48.17390402,-123.1371822,Minnow-22_7/5/17 8:35:03 AM,,
196,Fukui,21,7/5/2017,7/6/2017,No,48.1467122,-123.1839772,Fukui-21_7/5/17 9:12:19 AM,,"Moved to new loc in DS9, new name F1 7/6"
197,Fukui,22,7/5/2017,7/7/2017,No,48.14645115,-123.1837451,Fukui-22_7/5/17 9:14:03 AM,,
198,Minnow,23,7/5/2017,7/7/2017,No,48.14644727,-123.1836418,Minnow-23_7/5/17 9:14:51 AM,,
200,Minnow,24,7/5/2017,7/7/2017,No,48.14650054,-123.1841262,Minnow-24_7/5/17 9:24:24 AM,,
201,Minnow,25,7/5/2017,7/7/2017,No,48.14643241,-123.18555,Minnow-25_7/5/17 9:27:20 AM,,
199,Fukui,1,7/6/2017,7/7/2017,No,48.1464821,-123.1837952,Fukui-1_7/6/17 9:22:57 AM,,"moved from previous loc in ds9, orginally F21"
210,Fukui,1,7/10/2017,7/14/2017,No,48.1748986,-123.1386212,Fukui-1_7/10/17 10:46:52 AM,,
211,Minnow,1,7/10/2017,7/14/2017,No,48.17501697,-123.1383755,Minnow-1_7/10/17 10:50:11 AM,,
212,Fukui,2,7/10/2017,7/14/2017,No,48.17493446,-123.138198,Fukui-2_7/10/17 10:51:51 AM,,
213,Fukui,3,7/10/2017,7/14/2017,No,48.17493532,-123.1380581,Fukui-3_7/10/17 10:54:03 AM,,
214,Minnow,2,7/10/2017,7/14/2017,No,48.17488904,-123.1380024,Minnow-2_7/10/17 10:55:02 AM,,7/12 missing clip ziptied closed
215,Fukui,4,7/10/2017,7/14/2017,No,48.17484951,-123.1379667,Fukui-4_7/10/17 10:55:52 AM,,
216,Minnow,3,7/10/2017,7/14/2017,No,48.17481372,-123.1379551,Minnow-3_7/10/17 10:56:46 AM,,
217,Fukui,5,7/10/2017,7/14/2017,No,48.17473564,-123.1379593,Fukui-5_7/10/17 10:57:44 AM,,
218,Minnow,4,7/10/2017,7/14/2017,No,48.17469358,-123.137969,Minnow-4_7/10/17 10:58:43 AM,,
219,Fukui,6,7/10/2017,7/14/2017,No,48.1745118,-123.1378557,Fukui-6_7/10/17 10:59:47 AM,,
220,Minnow,5,7/10/2017,7/14/2017,No,48.17450484,-123.1376776,Minnow-5_7/10/17 11:00:57 AM,,
221,Fukui,7,7/10/2017,7/14/2017,No,48.1743463,-123.1374366,Fukui-7_7/10/17 11:02:00 AM,,
222,Minnow,6,7/10/2017,7/14/2017,No,48.17430889,-123.1373036,Minnow-6_7/10/17 11:02:59 AM,,
223,Fukui,8,7/10/2017,7/14/2017,No,48.17422468,-123.1372437,Fukui-8_7/10/17 11:03:48 AM,,
224,Minnow,7,7/10/2017,7/14/2017,No,48.17396143,-123.1371591,Minnow-7_7/10/17 11:04:51 AM,,
225,Fukui,9,7/10/2017,7/14/2017,No,48.17389243,-123.1370292,Fukui-9_7/10/17 11:07:03 AM,,
226,Minnow,8,7/10/2017,7/14/2017,No,48.17387688,-123.1369049,Minnow-8_7/10/17 11:07:56 AM,,
227,Fukui,10,7/10/2017,7/14/2017,No,48.17388286,-123.1367973,Fukui-10_7/10/17 11:08:48 AM,,
228,Minnow,9,7/10/2017,7/14/2017,No,48.17389413,-123.1367346,Minnow-9_7/10/17 11:09:37 AM,,
229,Fukui,11,7/10/2017,7/14/2017,No,48.17389601,-123.1366457,Fukui-11_7/10/17 11:10:26 AM,,
230,Minnow,10,7/10/2017,7/14/2017,No,48.17392334,-123.1364889,Minnow-10_7/10/17 11:11:21 AM,,
231,Fukui,12,7/10/2017,7/14/2017,No,48.17382414,-123.1360322,Fukui-12_7/10/17 11:13:13 AM,,
232,Minnow,11,7/10/2017,7/14/2017,No,48.17377712,-123.1360457,Minnow-11_7/10/17 11:14:03 AM,,
233,Fukui,13,7/10/2017,7/13/2017,No,48.17373508,-123.1361067,Fukui-13_7/10/17 11:14:52 AM,,taken out 7/13
234,Minnow,12,7/10/2017,7/13/2017,No,48.17371853,-123.1362219,Minnow-12_7/10/17 11:15:39 AM,,taken out 7/13
235,Fukui,14,7/10/2017,7/14/2017,No,48.17373884,-123.1363157,Fukui-14_7/10/17 11:16:26 AM,,
236,Minnow,13,7/10/2017,7/14/2017,No,48.17374366,-123.1364073,Minnow-13_7/10/17 11:18:04 AM,,
237,Fukui,15,7/10/2017,7/13/2017,No,48.17372161,-123.1364682,Fukui-15_7/10/17 11:18:56 AM,,taken out 7/13
238,Minnow,14,7/10/2017,7/13/2017,No,48.17368021,-123.1365162,Minnow-14_7/10/17 11:19:53 AM,,taken out 7/13
239,Fukui,16,7/10/2017,7/14/2017,No,48.1736587,-123.1365394,Fukui-16_7/10/17 11:20:38 AM,,
240,Minnow,15,7/10/2017,7/14/2017,No,48.17361791,-123.1365792,Minnow-15_7/10/17 11:21:22 AM,,
241,Fukui,17,7/10/2017,7/14/2017,No,48.17356653,-123.1366074,Fukui-17_7/10/17 11:22:06 AM,,
242,Minnow,16,7/10/2017,7/14/2017,No,48.17350829,-123.136626,Minnow-16_7/10/17 11:22:51 AM,,
243,Minnow,17,7/10/2017,7/14/2017,No,48.1734205,-123.136957,Minnow-17_7/10/17 11:24:14 AM,,
244,Fukui,18,7/10/2017,7/14/2017,No,48.17345681,-123.1370113,Fukui-18_7/10/17 11:24:56 AM,,
245,Minnow,18,7/10/2017,7/14/2017,No,48.17352814,-123.1370852,Minnow-18_7/10/17 11:25:42 AM,,
246,Fukui,19,7/10/2017,7/14/2017,No,48.17373477,-123.1372989,Fukui-19_7/10/17 11:26:51 AM,,
247,Minnow,19,7/10/2017,7/14/2017,No,48.17371752,-123.1373424,Minnow-19_7/10/17 11:27:36 AM,,
248,Fukui,20,7/10/2017,7/14/2017,No,48.17369203,-123.1373882,Fukui-20_7/10/17 11:28:24 AM,,
249,Minnow,20,7/10/2017,7/14/2017,No,48.17366569,-123.1374208,Minnow-20_7/10/17 11:29:07 AM,,
250,Fukui,21,7/10/2017,7/14/2017,No,48.17360447,-123.1374578,Fukui-21_7/10/17 11:29:56 AM,,
251,Minnow,21,7/10/2017,7/14/2017,No,48.17354276,-123.137477,Minnow-21_7/10/17 11:30:43 AM,,
252,Minnow,22,7/10/2017,7/14/2017,No,48.1733711,-123.1374579,Minnow-22_7/10/17 11:31:35 AM,,
253,Minnow,23,7/10/2017,7/14/2017,No,48.14644466,-123.1836529,Minnow-23_7/10/17 12:10:26 PM,,
254,Fukui,22,7/10/2017,7/14/2017,No,48.14647936,-123.1837268,Fukui-22_7/10/17 12:11:20 PM,,
255,Minnow,24,7/10/2017,7/14/2017,No,48.14648107,-123.1837494,Minnow-24_7/10/17 12:12:21 PM,,
256,Fukui,23,7/10/2017,7/14/2017,No,48.14649821,-123.1837786,Fukui-23_7/10/17 12:13:05 PM,,
257,Fukui,24,7/10/2017,7/14/2017,No,48.14649135,-123.1838077,Fukui-24_7/10/17 12:13:51 PM,,
258,Fukui,25,7/10/2017,7/14/2017,No,48.14641845,-123.1855345,Fukui-24_7/10/17 12:17:23 PM,,
259,Minnow,25,7/10/2017,7/14/2017,No,48.14645576,-123.1855743,Minnow-25_7/10/17 12:18:13 PM,,
260,Minnow,26,7/10/2017,7/14/2017,No,48.14654975,-123.1855915,Minnow-26_7/10/17 12:19:09 PM,,
261,Minnow,1,7/20/2017,7/21/2017,No,48.17340165,-123.1369145,Minnow-1_7/20/17 8:14:26 AM,,
262,Fukui,1,7/20/2017,7/21/2017,No,48.17343741,-123.1369859,Fukui-1_7/20/17 8:15:07 AM,,
263,Minnow,2,7/20/2017,7/21/2017,No,48.17348007,-123.1370378,Minnow-2_7/20/17 8:15:46 AM,,
264,Fukui,2,7/20/2017,7/21/2017,No,48.17355077,-123.1370656,Fukui-2_7/20/17 8:16:43 AM,,
265,Minnow,3,7/20/2017,7/21/2017,No,48.17370756,-123.1372065,Minnow-3_7/20/17 8:17:38 AM,,
266,Fukui,3,7/20/2017,7/21/2017,No,48.17372853,-123.1373402,Fukui-3_7/20/17 8:18:27 AM,,
267,Minnow,4,7/20/2017,7/21/2017,No,48.17365478,-123.1374333,Minnow-4_7/20/17 8:19:12 AM,,
268,Fukui,4,7/20/2017,7/21/2017,No,48.17355377,-123.1374701,Fukui-4_7/20/17 8:20:03 AM,,
269,Minnow,5,7/20/2017,7/21/2017,No,48.17343915,-123.1374566,Minnow-5_7/20/17 8:20:51 AM,,
270,Fukui,5,7/20/2017,7/21/2017,No,48.173692,-123.136518,Fukui-5_7/20/17 8:23:39 AM,,
271,Minnow,6,7/20/2017,7/21/2017,No,48.173836,-123.136099,Minnow-6_7/20/17 8:27:06 AM,,"Approximate location; previous versions had coordinates as 0,0. This was b/c the GPS recorded the point incorrectly. Point was editted to an approximate location based on trap planning map and personal notes. -JM_USFWS"
273,Fukui,6,7/20/2017,7/21/2017,No,48.17393175,-123.1361173,Fukui-6_7/20/17 8:30:01 AM,,
274,Minnow,7,7/20/2017,7/21/2017,No,48.17394309,-123.136359,Minnow-7_7/20/17 8:30:25 AM,,
275,Fukui,7,7/20/2017,7/21/2017,No,48.17392832,-123.1365067,Fukui-7_7/20/17 8:30:53 AM,,
276,Minnow,8,7/20/2017,7/21/2017,No,48.17390047,-123.1367099,Minnow-8_7/20/17 8:31:15 AM,,
277,Fukui,8,7/20/2017,7/21/2017,No,48.17389205,-123.1368129,Fukui-8_7/20/17 8:31:47 AM,,
278,Minnow,9,7/20/2017,7/21/2017,No,48.17388783,-123.1369165,Minnow-9_7/20/17 8:32:06 AM,,
279,Fukui,9,7/20/2017,7/21/2017,No,48.173902,-123.1370498,Fukui-9_7/20/17 8:32:58 AM,,
281,Fukui,10,7/20/2017,7/21/2017,No,48.17465401,-123.1380403,Fukui-10_7/20/17 8:36:29 AM,,
282,Minnow,10,7/20/2017,7/21/2017,No,48.17472586,-123.1379483,Minnow-10_7/20/17 8:37:24 AM,,
283,Fukui,11,7/20/2017,7/21/2017,No,48.1748219,-123.1379528,Fukui-11_7/20/17 8:38:05 AM,,
284,Minnow,11,7/20/2017,7/21/2017,No,48.17488371,-123.1379693,Minnow-11_7/20/17 8:38:48 AM,,
286,Fukui,12,7/20/2017,7/21/2017,No,48.17495544,-123.1380813,Fukui-12_7/20/17 8:40:11 AM,,
287,Minnow,12,7/20/2017,7/21/2017,No,48.17489917,-123.1386298,Minnow-12_7/20/17 8:41:11 AM,,
288,Minnow,13,7/20/2017,7/21/2017,No,48.17444822,-123.1374791,Minnow-13_7/20/17 8:44:01 AM,,
289,Fukui,13,7/20/2017,7/21/2017,No,48.14642412,-123.1836169,Fukui-13_7/20/17 9:25:56 AM,,
290,Minnow,14,7/20/2017,7/21/2017,No,48.14647617,-123.1837489,Minnow-14_7/20/17 9:26:40 AM,,
291,Fukui,14,7/20/2017,7/21/2017,No,48.14650057,-123.1838394,Fukui-14_7/20/17 9:27:15 AM,,
292,Minnow,15,7/20/2017,7/21/2017,No,48.14650136,-123.183966,Minnow-15_7/20/17 9:28:00 AM,,
293,Fukui,15,7/20/2017,7/21/2017,No,48.14650275,-123.1841591,Fukui-15_7/20/17 9:28:37 AM,,
294,Fukui,24,7/24/2017,7/25/2017,No,48.17660704,-123.1278306,Fukui-24_7/24/17 9:41:11 AM,,
295,Minnow,22,7/24/2017,7/25/2017,No,48.1765367,-123.127923,Minnow-22_7/24/17 9:41:52 AM,,
296,Fukui,25,7/24/2017,7/25/2017,No,48.17651574,-123.1280321,Fukui-25_7/24/17 9:42:40 AM,,
297,Minnow,23,7/24/2017,7/25/2017,No,48.17649806,-123.1281265,Minnow-23_7/24/17 9:43:31 AM,,
298,Fukui,26,7/24/2017,7/25/2017,No,48.1764478,-123.1282601,Fukui-26_7/24/17 9:44:21 AM,,
299,Minnow,24,7/24/2017,7/25/2017,No,48.17642242,-123.1283637,Minnow-24_7/24/17 9:45:07 AM,,
300,Fukui,1,7/24/2017,7/27/2017,No,48.17493815,-123.1381636,Fukui-1_7/24/17 10:30:01 AM,,
301,Minnow,1,7/24/2017,7/27/2017,No,48.1749531,-123.1380534,Minnow-1_7/24/17 10:31:04 AM,,
302,Fukui,2,7/24/2017,7/27/2017,No,48.17489887,-123.1379785,Fukui-2_7/24/17 10:31:57 AM,,
303,Minnow,2,7/24/2017,7/27/2017,No,48.17476238,-123.137912,Minnow-2_7/24/17 10:33:03 AM,,
305,Fukui,3,7/24/2017,7/27/2017,No,48.17456959,-123.137947,Fukui-3_7/24/17 10:35:25 AM,,
306,Minnow,3,7/24/2017,7/27/2017,No,48.1745666,-123.1379309,Minnow-3_7/24/17 10:36:09 AM,,
307,Fukui,4,7/24/2017,7/27/2017,No,48.17456776,-123.1379119,Fukui-4_7/24/17 10:36:47 AM,,
308,Minnow,4,7/24/2017,7/26/2017,No,48.17457738,-123.1378832,Minnow-4_7/24/17 10:37:30 AM,,
309,Fukui,5,7/24/2017,7/27/2017,No,48.17445711,-123.137466,Fukui-5_7/24/17 10:38:46 AM,,
310,Minnow,5,7/24/2017,7/27/2017,No,48.17416778,-123.1371654,Minnow-5_7/24/17 10:42:43 AM,,
311,Fukui,6,7/24/2017,7/27/2017,No,48.17389705,-123.1370199,Fukui-6_7/24/17 10:44:07 AM,,
312,Minnow,6,7/24/2017,7/27/2017,No,48.1738917,-123.1369392,Minnow-6_7/24/17 10:44:58 AM,,
313,Fukui,7,7/24/2017,7/27/2017,No,48.1738884,-123.1368444,Fukui-7_7/24/17 10:45:51 AM,,
314,Minnow,7,7/24/2017,7/27/2017,No,48.17388469,-123.1367714,Minnow-7_7/24/17 10:46:37 AM,,
315,Fukui,8,7/24/2017,7/27/2017,No,48.17392404,-123.1367727,Fukui-8_7/24/17 10:47:27 AM,,
316,Minnow,8,7/24/2017,7/26/2017,No,48.17394006,-123.1367781,Minnow-8_7/24/17 10:48:12 AM,,
317,Fukui,9,7/24/2017,7/26/2017,No,48.17396883,-123.1367607,Fukui-9_7/24/17 10:51:38 AM,,
318,Fukui,10,7/24/2017,7/27/2017,No,48.17386447,-123.136034,Fukui-10_7/24/17 10:54:38 AM,,
319,Minnow,9,7/24/2017,7/27/2017,No,48.17394841,-123.1361625,Minnow-9_7/24/17 10:56:51 AM,,
320,Minnow,10,7/24/2017,7/27/2017,No,48.17383664,-123.1360281,Minnow-10_7/24/17 10:57:51 AM,,
321,Fukui,11,7/24/2017,7/27/2017,No,48.17375437,-123.1360565,Fukui-11_7/24/17 10:58:41 AM,,
322,Minnow,11,7/24/2017,7/27/2017,No,48.1736959,-123.1364916,Minnow-11_7/24/17 11:02:33 AM,,
323,Fukui,12,7/24/2017,7/27/2017,No,48.17352786,-123.1366063,Fukui-12_7/24/17 11:03:37 AM,,
324,Minnow,12,7/24/2017,7/27/2017,No,48.1734052,-123.1368122,Minnow-12_7/24/17 11:04:48 AM,,
325,Fukui,13,7/24/2017,7/27/2017,No,48.1734278,-123.1369443,Fukui-13_7/24/17 11:05:50 AM,,
326,Minnow,13,7/24/2017,7/27/2017,No,48.17346018,-123.136991,Minnow-13_7/24/17 11:06:39 AM,,
327,Fukui,14,7/24/2017,7/27/2017,No,48.17349527,-123.1370232,Fukui-14_7/24/17 11:07:23 AM,,
328,Minnow,14,7/24/2017,7/27/2017,No,48.17357257,-123.1370987,Minnow-14_7/24/17 11:08:19 AM,,
329,Fukui,15,7/24/2017,7/27/2017,No,48.17374999,-123.1372258,Fukui-15_7/24/17 11:09:22 AM,,
330,Minnow,15,7/24/2017,7/27/2017,No,48.17371816,-123.1373318,Minnow-15_7/24/17 11:10:18 AM,,
331,Fukui,16,7/24/2017,7/27/2017,No,48.17367215,-123.1373994,Fukui-16_7/24/17 11:11:10 AM,,
332,Minnow,16,7/24/2017,7/27/2017,No,48.1735991,-123.1374457,Minnow-16_7/24/17 11:12:05 AM,,
333,Fukui,17,7/24/2017,7/27/2017,No,48.17354943,-123.1374645,Fukui-17_7/24/17 11:12:55 AM,,
334,Minnow,17,7/24/2017,7/27/2017,No,48.17353744,-123.1374349,Minnow-17_7/24/17 11:13:50 AM,,
335,Fukui,18,7/24/2017,7/26/2017,No,48.1735154,-123.1374006,Fukui-18_7/24/17 11:15:59 AM,,
336,Minnow,18,7/24/2017,7/27/2017,No,48.17350273,-123.1373712,Minnow-18_7/24/17 11:19:13 AM,,
337,Fukui,19,7/24/2017,7/27/2017,No,48.17345439,-123.1374584,Fukui-19_7/24/17 11:19:59 AM,,
338,Minnow,19,7/24/2017,7/27/2017,No,48.17338552,-123.1374502,Minnow-19_7/24/17 11:20:41 AM,,
339,Fukui,20,7/24/2017,7/27/2017,No,48.17328081,-123.1374013,Fukui-20_7/24/17 11:21:31 AM,,
340,Fukui,21,7/24/2017,7/27/2017,No,48.14649021,-123.1835797,Fukui-21_7/24/17 12:03:48 PM,,
341,Minnow,20,7/24/2017,7/27/2017,No,48.14645832,-123.183645,Minnow-20_7/24/17 12:04:34 PM,,
342,Fukui,22,7/24/2017,7/27/2017,No,48.14649602,-123.183784,Fukui-22_7/24/17 12:05:38 PM,,
343,Minnow,21,7/24/2017,7/27/2017,No,48.14650035,-123.1839151,Minnow-21_7/24/17 12:06:27 PM,,
344,Fukui,23,7/24/2017,7/27/2017,No,48.1465086,-123.1841162,Fukui-23_7/24/17 12:08:23 PM,,
345,Minnow,26,7/26/2017,7/27/2017,No,48.17452565,-123.1378613,Minnow-26_7/26/17 10:55:45 AM,,
346,Fukui,27,7/26/2017,7/27/2017,No,48.17392175,-123.1365531,Fukui-27_7/26/17 11:01:47 AM,,
347,Minnow,26,7/26/2017,7/27/2017,No,48.17390722,-123.1367049,Minnow-26_7/26/17 11:02:33 AM,,
348,Fukui,28,7/26/2017,7/27/2017,No,48.17291711,-123.1369586,Fukui-28_7/26/17 11:21:01 AM,,
349,Fukui,1,8/3/2017,8/4/2017,No,48.17351432,-123.137486,Fukui-1_8/3/17 8:01:14 AM,,
350,Minnow,1,8/3/2017,8/4/2017,No,48.17361641,-123.137464,Minnow-1_8/3/17 8:02:37 AM,,
351,Fukui,2,8/3/2017,8/4/2017,No,48.17372009,-123.1373582,Fukui-2_8/3/17 8:03:35 AM,,
352,Minnow,2,8/3/2017,8/4/2017,No,48.17357375,-123.1371217,Minnow-2_8/3/17 8:04:48 AM,,
353,Fukui,3,8/3/2017,8/4/2017,No,48.17348718,-123.1370466,Fukui-3_8/3/17 8:05:50 AM,,
354,Minnow,3,8/3/2017,8/4/2017,No,48.17341058,-123.136936,Minnow-3_8/3/17 8:07:11 AM,,
355,Fukui,4,8/3/2017,8/4/2017,No,48.17337021,-123.1367696,Fukui-4_8/3/17 8:08:08 AM,,
356,Minnow,4,8/3/2017,8/4/2017,No,48.1734508,-123.1366464,Minnow-4_8/3/17 8:09:07 AM,,
357,Fukui,5,8/3/2017,8/4/2017,No,48.17356681,-123.1366157,Fukui-5_8/3/17 8:10:12 AM,,
358,Minnow,5,8/3/2017,8/4/2017,No,48.17368539,-123.136535,Minnow-5_8/3/17 8:11:12 AM,,
359,Fukui,6,8/3/2017,8/4/2017,No,48.173733,-123.1363092,Fukui-6_8/3/17 8:12:15 AM,,
360,Minnow,6,8/3/2017,8/4/2017,No,48.17373686,-123.1361234,Minnow-6_8/3/17 8:13:20 AM,,
361,Fukui,20,8/3/2017,8/4/2017,No,48.17388162,-123.1360574,Fukui-20_8/3/17 8:14:21 AM,,
362,Minnow,20,8/3/2017,8/4/2017,No,48.17391801,-123.1365797,Minnow-20_8/3/17 8:15:47 AM,,
363,Fukui,7,8/3/2017,8/4/2017,No,48.17390699,-123.1367681,Fukui-7_8/3/17 8:16:43 AM,,
364,Minnow,7,8/3/2017,8/4/2017,No,48.1738934,-123.1369509,Minnow-7_8/3/17 8:17:40 AM,,
365,Fukui,8,8/3/2017,8/4/2017,No,48.17396991,-123.1371704,Fukui-8_8/3/17 8:18:47 AM,,
366,Minnow,8,8/3/2017,8/4/2017,No,48.17422073,-123.1372349,Minnow-8_8/3/17 8:19:52 AM,,
367,Fukui,9,8/3/2017,8/4/2017,No,48.17433463,-123.1374409,Fukui-9_8/3/17 8:20:51 AM,,
368,Minnow,9,8/3/2017,8/4/2017,No,48.17444913,-123.1374786,Minnow-9_8/3/17 8:21:52 AM,,
369,Fukui,10,8/3/2017,8/4/2017,No,48.17449994,-123.137684,Fukui-10_8/3/17 8:22:44 AM,,
370,Minnow,10,8/3/2017,8/4/2017,No,48.17450655,-123.1378905,Minnow-10_8/3/17 8:23:44 AM,,
371,Fukui,11,8/3/2017,8/4/2017,No,48.17461345,-123.1380334,Fukui-11_8/3/17 8:24:38 AM,,
372,Minnow,11,8/3/2017,8/4/2017,No,48.1747184,-123.1379492,Minnow-11_8/3/17 8:25:37 AM,,
373,Fukui,12,8/3/2017,8/4/2017,No,48.17483802,-123.1379505,Fukui-12_8/3/17 8:26:28 AM,,
374,Minnow,12,8/3/2017,8/4/2017,No,48.17494222,-123.1380406,Minnow-12_8/3/17 8:27:22 AM,,
375,Fukui,13,8/3/2017,8/4/2017,No,48.17493707,-123.1382455,Fukui-13_8/3/17 8:28:14 AM,,
376,Minnow,13,8/3/2017,8/4/2017,No,48.17506037,-123.1383631,Minnow-13_8/3/17 8:30:52 AM,,
377,Fukui,14,8/3/2017,8/4/2017,No,48.17502906,-123.1385621,Fukui-14_8/3/17 8:31:43 AM,,
378,Minnow,14,8/3/2017,8/4/2017,No,48.17490588,-123.1386151,Minnow-14_8/3/17 8:32:36 AM,,
379,Fukui,15,8/3/2017,8/4/2017,No,48.17478545,-123.1385923,Fukui-15_8/3/17 8:33:27 AM,,
380,Minnow,15,8/3/2017,8/4/2017,No,48.17467988,-123.1386186,Minnow-15_8/3/17 8:34:20 AM,,
381,Fukui,16,8/3/2017,8/4/2017,No,48.1746398,-123.138737,Fukui-16_8/3/17 8:35:08 AM,,
382,Minnow,16,8/3/2017,8/4/2017,No,48.17473983,-123.1387785,Minnow-16_8/3/17 8:35:56 AM,,
383,Fukui,17,8/3/2017,8/4/2017,No,48.17502405,-123.1392736,Fukui-17_8/3/17 8:37:28 AM,,
384,Minnow,17,8/3/2017,8/4/2017,No,48.17508537,-123.1393873,Minnow-17_8/3/17 8:38:18 AM,,
385,Fukui,18,8/3/2017,8/4/2017,No,48.174735,-123.138598,Fukui-18_8/3/17 8:40:30 AM,,
386,Minnow,18,8/3/2017,8/4/2017,No,48.17498427,-123.1385873,Minnow-18_8/3/17 8:41:56 AM,,
387,Fukui,19,8/3/2017,8/4/2017,No,48.17500368,-123.1383042,Fukui-19_8/3/17 8:43:37 AM,,
388,Minnow,19,8/3/2017,8/4/2017,No,48.17370796,-123.1365048,Minnow-19_8/3/17 8:49:49 AM,,
389,Minnow,21,8/3/2017,8/4/2017,No,48.14649686,-123.1835259,Minnow-21_8/3/17 9:28:51 AM,,
390,Fukui,21,8/3/2017,8/4/2017,No,48.14644714,-123.1836135,Fukui-21_8/3/17 9:29:40 AM,,
391,Minnow,22,8/3/2017,8/4/2017,No,48.14648273,-123.1836996,Minnow-22_8/3/17 9:30:27 AM,,
392,Fukui,22,8/3/2017,8/4/2017,No,48.14649203,-123.1837884,Fukui-22_8/3/17 9:31:13 AM,,
393,Minnow,23,8/3/2017,8/4/2017,No,48.14648877,-123.1839106,Minnow-23_8/3/17 9:32:01 AM,,
394,Fukui,1,8/7/2017,8/10/2017,No,48.17306508,-123.1371233,Fukui-1_8/7/17 9:26:55 AM,,
395,Minnow,1,8/7/2017,8/10/2017,No,48.17313915,-123.1372755,Minnow-1_8/7/17 9:27:58 AM,,
396,Fukui,2,8/7/2017,8/10/2017,No,48.1732419,-123.137378,Fukui-2_8/7/17 9:28:47 AM,,
397,Minnow,2,8/7/2017,8/10/2017,No,48.17334334,-123.1374391,Minnow-2_8/7/17 9:29:55 AM,,
398,Fukui,3,8/7/2017,8/10/2017,No,48.17345591,-123.1374604,Fukui-3_8/7/17 9:30:48 AM,,
399,Minnow,3,8/7/2017,8/10/2017,No,48.17357316,-123.1374562,Minnow-3_8/7/17 9:32:01 AM,,
400,Fukui,4,8/7/2017,8/10/2017,No,48.17368641,-123.1374001,Fukui-4_8/7/17 9:32:55 AM,,
401,Minnow,4,8/7/2017,8/10/2017,No,48.17375377,-123.1372689,Minnow-4_8/7/17 9:33:59 AM,,
402,Fukui,5,8/7/2017,8/10/2017,No,48.17362207,-123.1371398,Fukui-5_8/7/17 9:35:16 AM,,
403,Minnow,5,8/7/2017,8/10/2017,No,48.17355349,-123.1370761,Minnow-5_8/7/17 9:36:14 AM,,
404,Fukui,6,8/7/2017,8/10/2017,No,48.17344669,-123.1369717,Fukui-6_8/7/17 9:37:13 AM,,
405,Minnow,6,8/7/2017,8/10/2017,No,48.173399,-123.1367815,Minnow-6_8/7/17 9:38:14 AM,,
406,Fukui,7,8/7/2017,8/10/2017,No,48.17347492,-123.1366344,Fukui-7_8/7/17 9:39:18 AM,,
407,Minnow,7,8/7/2017,8/10/2017,No,48.17357099,-123.1366021,Minnow-7_8/7/17 9:40:09 AM,,
408,Fukui,8,8/7/2017,8/10/2017,No,48.17367316,-123.1365248,Fukui-8_8/7/17 9:41:12 AM,,
409,Minnow,8,8/7/2017,8/10/2017,No,48.17375467,-123.1363872,Minnow-8_8/7/17 9:42:21 AM,,
410,Fukui,9,8/7/2017,8/10/2017,No,48.17372782,-123.1362125,Fukui-9_8/7/17 9:43:10 AM,,
411,Minnow,9,8/7/2017,8/10/2017,No,48.17377005,-123.1360497,Minnow-9_8/7/17 9:44:06 AM,,
412,Fukui,10,8/7/2017,8/10/2017,No,48.1738792,-123.1360546,Fukui-10_8/7/17 9:44:54 AM,,
413,Minnow,10,8/7/2017,8/10/2017,No,48.1739566,-123.1362215,Minnow-10_8/7/17 9:45:50 AM,,
414,Fukui,11,8/7/2017,8/10/2017,No,48.17394757,-123.1363759,Fukui-11_8/7/17 9:46:36 AM,,
415,Minnow,11,8/7/2017,8/10/2017,No,48.17391965,-123.1365426,Minnow-11_8/7/17 9:47:24 AM,,
416,Fukui,12,8/7/2017,8/10/2017,No,48.17390749,-123.1367054,Fukui-12_8/7/17 9:48:14 AM,,
417,Minnow,12,8/7/2017,8/10/2017,No,48.17389664,-123.1368839,Minnow-12_8/7/17 9:49:03 AM,,
418,Fukui,13,8/7/2017,8/10/2017,No,48.17390747,-123.137028,Fukui-13_8/7/17 9:49:48 AM,,
419,Minnow,13,8/7/2017,8/10/2017,No,48.17399595,-123.137179,Minnow-13_8/7/17 9:50:39 AM,,
420,Fukui,14,8/7/2017,8/10/2017,No,48.17412072,-123.1371936,Fukui-14_8/7/17 9:51:33 AM,,
421,Minnow,14,8/7/2017,8/10/2017,No,48.17423245,-123.1372421,Minnow-14_8/7/17 9:52:21 AM,,
422,Fukui,15,8/7/2017,8/10/2017,No,48.1743327,-123.1374032,Fukui-15_8/7/17 9:53:09 AM,,
423,Minnow,15,8/7/2017,8/10/2017,No,48.17445093,-123.1374737,Minnow-15_8/7/17 9:54:03 AM,,
424,Fukui,16,8/7/2017,8/10/2017,No,48.17450239,-123.137667,Fukui-16_8/7/17 9:54:54 AM,,
425,Minnow,16,8/7/2017,8/10/2017,No,48.17451838,-123.1378681,Minnow-16_8/7/17 9:56:10 AM,,
426,Fukui,17,8/7/2017,8/10/2017,No,48.17459123,-123.1379849,Fukui-17_8/7/17 9:57:05 AM,,
427,Minnow,17,8/7/2017,8/10/2017,No,48.17472197,-123.1379469,Minnow-17_8/7/17 9:57:56 AM,,
428,Fukui,18,8/7/2017,8/10/2017,No,48.17484959,-123.1379445,Fukui-18_8/7/17 9:58:49 AM,,
429,Minnow,18,8/7/2017,8/10/2017,No,48.17493905,-123.1380324,Minnow-18_8/7/17 9:59:49 AM,,
430,Fukui,19,8/7/2017,8/10/2017,No,48.17493989,-123.1382526,Fukui-19_8/7/17 10:00:42 AM,,
431,Minnow,19,8/7/2017,8/10/2017,No,48.17505908,-123.1383528,Minnow-19_8/7/17 10:01:41 AM,,
432,Fukui,20,8/7/2017,8/10/2017,No,48.17503335,-123.1385418,Fukui-20_8/7/17 10:03:00 AM,,
433,Minnow,20,8/7/2017,8/10/2017,No,48.17491453,-123.1385914,Minnow-20_8/7/17 10:03:52 AM,,
434,Fukui,21,8/7/2017,8/10/2017,No,48.17419708,-123.1359761,Fukui-21_8/7/17 10:10:21 AM,,
435,Minnow,21,8/7/2017,8/10/2017,No,48.17434376,-123.1356945,Minnow-21_8/7/17 10:11:34 AM,,
436,Fukui,22,8/7/2017,8/10/2017,No,48.17444597,-123.1355574,Fukui-22_8/7/17 10:12:45 AM,,
437,Minnow,22,8/7/2017,8/10/2017,No,48.17456696,-123.1359231,Minnow-22_8/7/17 10:16:57 AM,,
438,Fukui,23,8/7/2017,8/10/2017,No,48.17453907,-123.135819,Fukui-23_8/7/17 10:17:59 AM,,
439,Minnow,23,8/7/2017,8/10/2017,No,48.1743613,-123.1354462,Minnow-23_8/7/17 10:20:12 AM,,
440,Fukui,24,8/7/2017,8/10/2017,No,48.1464912,-123.1835391,Fukui-24_8/7/17 10:57:08 AM,,
441,Minnow,24,8/7/2017,8/10/2017,No,48.14648083,-123.1836678,Minnow-24_8/7/17 10:58:02 AM,,
442,Fukui,25,8/7/2017,8/10/2017,No,48.14650543,-123.1838004,Fukui-25_8/7/17 10:59:00 AM,,
443,Minnow,25,8/7/2017,8/10/2017,No,48.14650526,-123.1839338,Minnow-25_8/7/17 11:00:03 AM,,
444,Minnow,1,8/21/2017,8/22/2017,No,48.17657915,-123.1278191,Minnow-1_8/21/17 8:57:43 AM,,
445,Fukui,1,8/21/2017,8/22/2017,No,48.17655581,-123.1279091,Fukui-1_8/21/17 8:58:35 AM,,
446,Minnow,2,8/21/2017,8/22/2017,No,48.17652739,-123.1280006,Minnow-2_8/21/17 8:58:59 AM,,
447,Fukui,2,8/21/2017,8/22/2017,No,48.17649919,-123.1280987,Fukui-2_8/21/17 8:59:31 AM,,
448,Minnow,3,8/21/2017,8/22/2017,No,48.17646399,-123.1281941,Minnow-3_8/21/17 9:00:11 AM,,
449,Fukui,3,8/21/2017,8/22/2017,No,48.17644799,-123.1283159,Fukui-3_8/21/17 9:01:01 AM,,
450,Fukui,4,8/21/2017,8/24/2017,No,48.17342222,-123.136944,Fukui-4_8/21/17 10:02:01 AM,,
451,Minnow,4,8/21/2017,8/24/2017,No,48.17350739,-123.1370403,Minnow-4_8/21/17 10:03:22 AM,,
452,Fukui,5,8/21/2017,8/24/2017,No,48.17359241,-123.1371102,Fukui-5_8/21/17 10:04:21 AM,,
453,Minnow,5,8/21/2017,8/24/2017,No,48.17373939,-123.137256,Minnow-5_8/21/17 10:06:00 AM,,
454,Fukui,6,8/21/2017,8/24/2017,No,48.17369552,-123.1373744,Fukui-6_8/21/17 10:06:46 AM,,
455,Minnow,6,8/21/2017,8/24/2017,No,48.17360618,-123.137423,Minnow-6_8/21/17 10:07:41 AM,,
456,Fukui,7,8/21/2017,8/24/2017,No,48.17349069,-123.1374536,Fukui-7_8/21/17 10:08:33 AM,,
457,Minnow,7,8/21/2017,8/24/2017,No,48.17337997,-123.1374629,Minnow-7_8/21/17 10:09:46 AM,,
458,Fukui,8,8/21/2017,8/24/2017,No,48.17327376,-123.1374143,Fukui-8_8/21/17 10:10:26 AM,,
459,Minnow,8,8/21/2017,8/24/2017,No,48.17316387,-123.1373139,Minnow-8_8/21/17 10:11:04 AM,,
460,Minnow,9,8/21/2017,8/24/2017,No,48.17347901,-123.1366447,Minnow-9_8/21/17 10:13:54 AM,,
461,Fukui,9,8/21/2017,8/24/2017,No,48.17355783,-123.136608,Fukui-9_8/21/17 10:15:50 AM,,
462,Minnow,10,8/21/2017,8/24/2017,No,48.17363047,-123.1365695,Minnow-10_8/21/17 10:16:38 AM,,
463,Fukui,10,8/21/2017,8/24/2017,No,48.17369111,-123.1365077,Fukui-10_8/21/17 10:17:25 AM,,
464,Minnow,11,8/21/2017,8/24/2017,No,48.17374267,-123.1364317,Minnow-11_8/21/17 10:18:08 AM,,
465,Fukui,11,8/21/2017,8/24/2017,No,48.17373692,-123.1363206,Fukui-11_8/21/17 10:19:31 AM,,
466,Minnow,12,8/21/2017,8/24/2017,No,48.17378045,-123.1360575,Minnow-12_8/21/17 10:20:36 AM,,
467,Fukui,12,8/21/2017,8/24/2017,No,48.1738753,-123.1360686,Fukui-12_8/21/17 10:21:19 AM,,
468,Minnow,13,8/21/2017,8/24/2017,No,48.17394908,-123.1362186,Minnow-13_8/21/17 10:22:07 AM,,
469,Fukui,13,8/21/2017,8/24/2017,No,48.17394443,-123.1363961,Fukui-13_8/21/17 10:23:06 AM,,
470,Minnow,14,8/21/2017,8/24/2017,No,48.17392163,-123.1365526,Minnow-14_8/21/17 10:23:52 AM,,
471,Fukui,14,8/21/2017,8/24/2017,No,48.17390598,-123.1367001,Fukui-14_8/21/17 10:24:50 AM,,
472,Minnow,15,8/21/2017,8/24/2017,No,48.17389907,-123.1368319,Minnow-15_8/21/17 10:25:35 AM,,
473,Fukui,15,8/21/2017,8/24/2017,No,48.17389824,-123.1369917,Fukui-15_8/21/17 10:26:45 AM,,
474,Minnow,16,8/21/2017,8/24/2017,No,48.17397284,-123.1371778,Minnow-16_8/21/17 10:28:22 AM,,
475,Fukui,16,8/21/2017,8/24/2017,No,48.17409869,-123.1372099,Fukui-16_8/21/17 10:29:14 AM,,
476,Minnow,17,8/21/2017,8/24/2017,No,48.1741941,-123.1372126,Minnow-17_8/21/17 10:30:00 AM,,
477,Fukui,17,8/21/2017,8/24/2017,No,48.17428396,-123.1372756,Fukui-17_8/21/17 10:30:45 AM,,
478,Minnow,18,8/21/2017,8/24/2017,No,48.1743341,-123.137426,Minnow-18_8/21/17 10:31:50 AM,,
479,Fukui,18,8/21/2017,8/24/2017,No,48.17444208,-123.1374782,Fukui-18_8/21/17 10:32:37 AM,,
480,Minnow,19,8/21/2017,8/24/2017,No,48.17451044,-123.1375326,Minnow-19_8/21/17 10:33:23 AM,,
481,Fukui,19,8/21/2017,8/24/2017,No,48.17450555,-123.1376886,Fukui-19_8/21/17 10:34:46 AM,,
482,Minnow,20,8/21/2017,8/24/2017,No,48.17450285,-123.137835,Minnow-20_8/21/17 10:35:35 AM,,
483,Fukui,20,8/21/2017,8/24/2017,No,48.17456937,-123.1379591,Fukui-20_8/21/17 10:36:51 AM,,
484,Minnow,21,8/21/2017,8/24/2017,No,48.17465811,-123.1379764,Minnow-21_8/21/17 10:37:43 AM,,
485,Fukui,21,8/21/2017,8/24/2017,No,48.17477688,-123.1379422,Fukui-21_8/21/17 10:38:36 AM,,
486,Minnow,22,8/21/2017,8/24/2017,No,48.17486564,-123.1379569,Minnow-22_8/21/17 10:39:22 AM,,
487,Minnow,23,8/21/2017,8/24/2017,No,48.17493906,-123.1382664,Minnow-23_8/21/17 10:41:05 AM,,
488,Fukui,22,8/21/2017,8/24/2017,No,48.17502192,-123.1383525,Fukui-22_8/21/17 10:41:55 AM,,
490,Fukui,23,8/21/2017,8/24/2017,No,48.17493206,-123.1380895,Fukui-23_8/21/17 10:55:34 AM,,
491,Minnow,24,8/21/2017,8/24/2017,No,48.14648697,-123.1835457,Minnow-24_8/21/17 11:37:00 AM,,
492,Fukui,24,8/21/2017,8/24/2017,No,48.14642939,-123.1836359,Fukui-24_8/21/17 11:37:49 AM,,
493,Minnow,25,8/21/2017,8/24/2017,No,48.14649176,-123.1837496,Minnow-25_8/21/17 11:38:34 AM,,
494,Fukui,25,8/21/2017,8/24/2017,No,48.14649163,-123.1838111,Fukui-25_8/21/17 11:39:30 AM,,
496,Minnow,51,8/22/2017,8/23/2017,No,48.17401955,-123.140383,Minnow-51_8/22/17 11:53:59 AM,,
497,Fukui,51,8/22/2017,8/23/2017,No,48.17403996,-123.1405363,Fukui-51_8/22/17 11:55:08 AM,,
498,Minnow,52,8/22/2017,8/23/2017,No,48.1740666,-123.1406648,Minnow-52_8/22/17 11:57:05 AM,,
499,Fukui,52,8/22/2017,8/23/2017,No,48.17406175,-123.1408134,Fukui-52_8/22/17 11:57:55 AM,,
500,Minnow,53,8/22/2017,8/23/2017,No,48.17406074,-123.1409613,Minnow-53_8/22/17 11:59:29 AM,,
501,Fukui,53,8/22/2017,8/23/2017,No,48.17404611,-123.1411326,Fukui-53_8/22/17 12:00:17 PM,,
503,Minnow,60,8/23/2017,8/24/2017,No,48.17370195,-123.1401902,Minnow-60_8/23/17 11:58:30 AM,,
504,Fukui,60,8/23/2017,8/24/2017,No,48.17362093,-123.1401066,Fukui-60_8/23/17 11:59:18 AM,,
505,Minnow,61,8/23/2017,8/24/2017,No,48.17371245,-123.1397838,Minnow-61_8/23/17 12:00:36 PM,,
506,Fukui,61,8/23/2017,8/24/2017,No,48.17360533,-123.1396798,Fukui-61_8/23/17 12:01:27 PM,,
507,Minnow,62,8/23/2017,8/24/2017,No,48.17351275,-123.1394951,Minnow-62_8/23/17 12:02:35 PM,,
508,Fukui,62,8/23/2017,8/24/2017,No,48.17338983,-123.1393202,Fukui-62_8/23/17 12:03:31 PM,,
509,Fukui,1,9/5/2017,9/7/2017,No,48.16968079,-123.1397944,Fukui-1_9/5/17 8:54:11 AM,,
510,Minnow,1,9/5/2017,9/7/2017,No,48.16959493,-123.1398875,Minnow-1_9/5/17 8:54:44 AM,,
511,Fukui,2,9/5/2017,9/7/2017,No,48.16916346,-123.1397724,Fukui-2_9/5/17 8:57:13 AM,,
512,Minnow,2,9/5/2017,9/7/2017,No,48.16934857,-123.140823,Minnow-2_9/5/17 8:59:55 AM,,
513,Fukui,3,9/5/2017,9/7/2017,No,48.16961458,-123.1415732,Fukui-3_9/5/17 9:01:39 AM,,
514,Minnow,3,9/5/2017,9/6/2017,No,48.16991109,-123.1419904,Minnow-3_9/5/17 9:04:37 AM,,
515,Fukui,4,9/5/2017,9/7/2017,No,48.1732753,-123.1374215,Fukui-4_9/5/17 9:15:09 AM,,
516,Minnow,4,9/5/2017,9/7/2017,No,48.17338042,-123.1374671,Minnow-4_9/5/17 9:15:37 AM,,
517,Fukui,5,9/5/2017,9/7/2017,No,48.17350452,-123.1374829,Fukui-5_9/5/17 9:16:07 AM,,
518,Minnow,5,9/5/2017,9/7/2017,No,48.17361718,-123.1374529,Minnow-5_9/5/17 9:16:42 AM,,
519,Fukui,6,9/5/2017,9/7/2017,No,48.17373136,-123.1373326,Fukui-6_9/5/17 9:17:11 AM,,
520,Minnow,6,9/5/2017,9/7/2017,No,48.17361464,-123.1371538,Minnow-6_9/5/17 9:17:40 AM,,
521,Fukui,7,9/5/2017,9/7/2017,No,48.17349668,-123.1370389,Fukui-7_9/5/17 9:18:03 AM,,
522,Minnow,7,9/5/2017,9/7/2017,No,48.17342001,-123.136949,Minnow-7_9/5/17 9:18:26 AM,,
523,Fukui,8,9/5/2017,9/7/2017,No,48.17338162,-123.1367618,Fukui-8_9/5/17 9:18:51 AM,,
524,Minnow,8,9/5/2017,9/7/2017,No,48.17350351,-123.1366411,Minnow-8_9/5/17 9:19:12 AM,,
525,Minnow,26,9/5/2017,9/7/2017,No,48.17361467,-123.1365857,Minnow-26_9/5/17 9:19:43 AM,,
526,Fukui,9,9/5/2017,9/7/2017,No,48.17369283,-123.1365033,Fukui-9_9/5/17 9:20:23 AM,,
527,Minnow,9,9/5/2017,9/7/2017,No,48.17372743,-123.1364773,Minnow-9_9/5/17 9:20:49 AM,,
528,Fukui,10,9/5/2017,9/7/2017,No,48.17372611,-123.1362091,Fukui-10_9/5/17 9:21:17 AM,,
529,Minnow,10,9/5/2017,9/7/2017,No,48.17383382,-123.136048,Minnow-_9/5/17 9:21:49 AM,,
530,Fukui,11,9/5/2017,9/7/2017,No,48.17395263,-123.1362193,Fukui-11_9/5/17 9:22:20 AM,,
531,Minnow,11,9/5/2017,9/7/2017,No,48.17393521,-123.1364224,Minnow-11_9/5/17 9:22:48 AM,,
532,Fukui,12,9/5/2017,9/7/2017,No,48.17391067,-123.1366248,Fukui-12_9/5/17 9:23:29 AM,,
533,Minnow,12,9/5/2017,9/7/2017,No,48.17389241,-123.1367962,Minnow-12_9/5/17 9:24:31 AM,,
534,Fukui,13,9/5/2017,9/7/2017,No,48.17389948,-123.1370154,Fukui-13_9/5/17 9:24:57 AM,,
535,Minnow,13,9/5/2017,9/7/2017,No,48.17399373,-123.1371917,Minnow-13_9/5/17 9:25:32 AM,,
536,Fukui,14,9/5/2017,9/7/2017,No,48.17414479,-123.1371967,Fukui-14_9/5/17 9:26:00 AM,,
537,Minnow,14,9/5/2017,9/7/2017,No,48.17426389,-123.1372711,Minnow-14_9/5/17 9:26:25 AM,,
538,Fukui,15,9/5/2017,9/7/2017,No,48.17433944,-123.1374244,Fukui-15_9/5/17 9:26:53 AM,,
539,Minnow,15,9/5/2017,9/7/2017,No,48.17444723,-123.1374745,Minnow-15_9/5/17 9:27:18 AM,,
540,Fukui,16,9/5/2017,9/7/2017,No,48.17450159,-123.1376687,Fukui-16_9/5/17 9:27:55 AM,,
541,Minnow,16,9/5/2017,9/7/2017,No,48.17450877,-123.1378444,Minnow-16_9/5/17 9:28:27 AM,,
542,Fukui,17,9/5/2017,9/7/2017,No,48.17457373,-123.1379678,Fukui-17_9/5/17 9:28:53 AM,,
543,Minnow,17,9/5/2017,9/7/2017,No,48.17468246,-123.1379621,Minnow-17_9/5/17 9:29:29 AM,,
544,Fukui,18,9/5/2017,9/7/2017,No,48.1748203,-123.1379397,Fukui-18_9/5/17 9:29:58 AM,,
545,Minnow,18,9/5/2017,9/7/2017,No,48.1749114,-123.138001,Minnow-18_9/5/17 9:30:23 AM,,
546,Fukui,19,9/5/2017,9/7/2017,No,48.17494597,-123.1381699,Fukui-19_9/5/17 9:30:55 AM,,
547,Minnow,19,9/5/2017,9/7/2017,No,48.17500258,-123.1383139,Minnow-19_9/5/17 9:31:19 AM,,
548,Fukui,20,9/5/2017,9/7/2017,No,48.17506148,-123.1384633,Fukui-20_9/5/17 9:31:56 AM,,
549,Minnow,20,9/5/2017,9/7/2017,No,48.17495017,-123.1385822,Minnow-20_9/5/17 9:32:17 AM,,
550,Fukui,21,9/5/2017,9/7/2017,No,48.17488285,-123.1386097,Fukui-21_9/5/17 9:32:34 AM,,
551,Minnow,21,9/5/2017,9/7/2017,No,48.17473591,-123.1385848,Minnow-21_9/5/17 9:32:56 AM,,
552,Fukui,22,9/5/2017,9/7/2017,No,48.17464332,-123.1387155,Fukui-22_9/5/17 9:33:18 AM,,
553,Minnow,22,9/5/2017,9/7/2017,No,48.17474972,-123.1387732,Minnow-22_9/5/17 9:33:36 AM,,
554,Fukui,23,9/5/2017,9/7/2017,No,48.17484575,-123.1388569,Fukui-23_9/5/17 9:33:57 AM,,
555,Minnow,23,9/5/2017,9/7/2017,No,48.17491935,-123.1389766,Minnow-23_9/5/17 9:34:16 AM,,
556,Minnow,24,9/5/2017,9/7/2017,No,48.14659539,-123.183485,Minnow-24_9/5/17 10:20:34 AM,,
557,Fukui,24,9/5/2017,9/7/2017,No,48.14648091,-123.1835454,Fukui-24_9/5/17 10:21:17 AM,,
558,Fukui,25,9/5/2017,9/7/2017,No,48.14648811,-123.183742,Fukui-25_9/5/17 10:21:59 AM,,
559,Minnow,25,9/5/2017,9/7/2017,No,48.14649595,-123.1839578,Minnow-25_9/5/17 10:23:31 AM,,
561,Minnow,1,9/18/2017,9/21/2017,No,48.17541418,-123.1389884,Minnow-1_9/18/17 8:11:07 AM,,
562,Fukui,1,9/18/2017,9/21/2017,No,48.1752863,-123.1392178,Fukui-1_9/18/17 8:12:33 AM,,
563,Fukui,2,9/18/2017,9/21/2017,No,48.17556499,-123.1383719,Fukui-2_9/18/17 8:15:49 AM,,
564,Minnow,2,9/18/2017,9/21/2017,No,48.1755064,-123.1383539,Minnow-2_9/18/17 8:17:45 AM,,
565,Fukui,3,9/18/2017,9/21/2017,No,48.17535098,-123.138276,Fukui-3_9/18/17 8:19:28 AM,,
566,Minnow,3,9/18/2017,9/21/2017,No,48.17527689,-123.138004,Minnow-3_9/18/17 8:20:30 AM,,
567,Fukui,4,9/18/2017,9/20/2017,No,48.17465911,-123.1387244,Fukui-4_9/18/17 8:22:37 AM,,
568,Minnow,4,9/18/2017,9/20/2017,No,48.17474064,-123.1386055,Minnow-4_9/18/17 8:23:03 AM,,
569,Fukui,5,9/18/2017,9/20/2017,No,48.17489759,-123.1386255,Fukui-5_9/18/17 8:23:34 AM,,
570,Minnow,5,9/18/2017,9/21/2017,No,48.17498909,-123.1385895,Minnow-5_9/18/17 8:24:23 AM,,
571,Fukui,6,9/18/2017,9/21/2017,No,48.17507946,-123.1384736,Fukui-6_9/18/17 8:25:21 AM,,
572,Minnow,6,9/18/2017,9/21/2017,No,48.1750343,-123.1383497,Minnow-6_9/18/17 8:25:49 AM,,
573,Fukui,7,9/18/2017,9/21/2017,No,48.1749529,-123.1382376,Fukui-7_9/18/17 8:26:22 AM,,
574,Minnow,7,9/18/2017,9/21/2017,No,48.17495142,-123.1380438,Minnow-7_9/18/17 8:26:52 AM,,
575,Fukui,8,9/18/2017,9/21/2017,No,48.17486321,-123.1379576,Fukui-8_9/18/17 8:27:22 AM,,
576,Minnow,8,9/18/2017,9/21/2017,No,48.17471982,-123.137954,Minnow-8_9/18/17 8:27:56 AM,,
577,Fukui,9,9/18/2017,9/21/2017,No,48.17460114,-123.1380002,Fukui-9_9/18/17 8:28:28 AM,,
578,Minnow,9,9/18/2017,9/21/2017,No,48.17452491,-123.1378787,Minnow-9_9/18/17 8:29:12 AM,,
579,Fukui,10,9/18/2017,9/21/2017,No,48.17450992,-123.137686,Fukui-10_9/18/17 8:29:53 AM,,
580,Minnow,10,9/18/2017,9/21/2017,No,48.17450972,-123.1375206,Minnow-10_9/18/17 8:30:31 AM,,
581,Fukui,11,9/18/2017,9/21/2017,No,48.17439013,-123.1374923,Fukui-11_9/18/17 8:31:05 AM,,
582,Minnow,11,9/18/2017,9/21/2017,No,48.17430857,-123.1372892,Minnow-11_9/18/17 8:31:34 AM,,
583,Fukui,12,9/18/2017,9/21/2017,No,48.1742174,-123.1372238,Fukui-12_9/18/17 8:32:04 AM,,
584,Minnow,12,9/18/2017,9/21/2017,No,48.17404369,-123.1372202,Minnow-12_9/18/17 8:32:35 AM,,
585,Fukui,13,9/18/2017,9/21/2017,No,48.17396885,-123.1371473,Fukui-13_9/18/17 8:33:01 AM,,
586,Minnow,13,9/18/2017,9/21/2017,No,48.17390243,-123.137008,Minnow-13_9/18/17 8:33:29 AM,,
587,Fukui,14,9/18/2017,9/21/2017,No,48.1739015,-123.136814,Fukui-14_9/18/17 8:33:59 AM,,
588,Minnow,23,9/18/2017,9/21/2017,No,48.17376347,-123.1369314,Minnow-23_9/18/17 8:36:07 AM,,
589,Minnow,24,9/18/2017,9/21/2017,No,48.1739119,-123.1372154,Minnow-24_9/18/17 8:37:26 AM,,
590,Minnow,14,9/18/2017,9/21/2017,No,48.17391372,-123.1366827,Minnow-14_9/18/17 8:40:42 AM,,
591,Fukui,15,9/18/2017,9/21/2017,No,48.1739363,-123.1365072,Fukui-15_9/18/17 8:41:11 AM,,
592,Minnow,15,9/18/2017,9/21/2017,No,48.17395823,-123.1363237,Minnow-15_9/18/17 8:41:39 AM,,
593,Fukui,16,9/18/2017,9/21/2017,No,48.17389105,-123.1360665,Fukui-16_9/18/17 8:42:12 AM,,
594,Fukui,17,9/18/2017,9/21/2017,No,48.17372928,-123.1361945,Fukui-17_9/18/17 8:43:27 AM,,
595,Minnow,16,9/18/2017,9/21/2017,No,48.17375043,-123.1362948,Minnow-16_9/18/17 8:43:56 AM,,
596,Fukui,18,9/18/2017,9/21/2017,No,48.17372262,-123.1364938,Fukui-18_9/18/17 8:44:25 AM,,
597,Minnow,17,9/18/2017,9/21/2017,No,48.173653,-123.1365746,Minnow-17_9/18/17 8:44:51 AM,,
598,Fukui,19,9/18/2017,9/21/2017,No,48.17355886,-123.1366206,Fukui-19_9/18/17 8:45:20 AM,,
599,Minnow,18,9/18/2017,9/21/2017,No,48.17348083,-123.1366357,Minnow-18_9/18/17 8:45:49 AM,,
600,Fukui,20,9/18/2017,9/21/2017,No,48.17344299,-123.1369785,Fukui-20_9/18/17 8:46:33 AM,,
601,Minnow,19,9/18/2017,9/21/2017,No,48.17353621,-123.1370808,Minnow-19_9/18/17 8:47:00 AM,,
602,Fukui,21,9/18/2017,9/21/2017,No,48.17362936,-123.1371551,Fukui-21_9/18/17 8:47:32 AM,,
603,Minnow,20,9/18/2017,9/21/2017,No,48.17373639,-123.1373409,Minnow-20_9/18/17 8:48:03 AM,,
604,Fukui,22,9/18/2017,9/21/2017,No,48.17364799,-123.1374532,Fukui-22_9/18/17 8:48:33 AM,,
605,Minnow,21,9/18/2017,9/21/2017,No,48.17353985,-123.1374897,Minnow-21_9/18/17 8:49:10 AM,,
606,Fukui,23,9/18/2017,9/21/2017,No,48.17340997,-123.1374636,Fukui-23_9/18/17 8:49:43 AM,,
607,Minnow,22,9/18/2017,9/21/2017,No,48.17331939,-123.1374438,Minnow-22_9/18/17 8:50:16 AM,,
608,Fukui,24,9/18/2017,9/21/2017,No,48.1465142,-123.1835349,Fukui-24_9/18/17 9:43:54 AM,,
609,Minnow,25,9/18/2017,9/21/2017,No,48.14648342,-123.1836924,Minnow-25_9/18/17 9:44:28 AM,,
610,Fukui,25,9/18/2017,9/21/2017,No,48.14650117,-123.1838211,Fukui-25_9/18/17 9:44:55 AM,,
611,Minnow,26,9/18/2017,9/21/2017,No,48.14649994,-123.1840189,Minnow-26_9/18/17 9:45:37 AM,,
621,Fukui,1,9/20/2017,9/21/2017,No,48.17657305,-123.1278525,Fukui-1_9/20/2017 2:53:39 PM,,
622,Minnow,1,9/20/2017,9/21/2017,No,48.17652461,-123.1279549,Minnow-1_9/20/2017 2:53:51 PM,,
623,Fukui,2,9/20/2017,9/21/2017,No,48.17648442,-123.1280863,Fukui-2_9/20/2017 2:54:00 PM,,
624,Minnow,2,9/20/2017,9/21/2017,No,48.17646778,-123.1282153,Minnow-2_9/20/2017 2:54:08 PM,,
625,Fukui,3,9/20/2017,9/21/2017,No,48.17640682,-123.1283504,Fukui-3_9/20/2017 2:54:18 PM,,
626,Minnow,3,9/20/2017,9/21/2017,No,48.17639841,-123.1284911,Minnow-3_9/20/2017 2:54:24 PM,,
612,Fukui,1,9/20/2017,9/21/2017,No,48.17533069,-123.1390946,Fukui-1_9/20/17 9:54:23 AM,,
613,Minnow,1,9/20/2017,9/21/2017,No,48.17547694,-123.1388163,Minnow-1_9/20/17 9:59:31 AM,,
614,Fukui,2,9/20/2017,9/21/2017,No,48.1754135,-123.1390131,Fukui-2_9/20/17 10:00:25 AM,,
660,Fukui,1,10/16/2017,10/18/2017,0,48.17390231,-123.1368057,Fukui-1_10/16/17,,
661,Minnow,1,10/16/2017,10/18/2017,0,48.17390259,-123.13694,Minnow-1_10/16/17 7:47:27 AM,,
662,Fukui,2,10/16/2017,10/18/2017,0,48.17422865,-123.1372594,Fukui-2_10/16/17 7:48:41 AM,,
663,Minnow,2,10/16/2017,10/18/2017,0,48.17433245,-123.1373564,Minnow-2_10/16/17 7:49:35 AM,,
664,Fukui,3,10/16/2017,10/18/2017,0,48.17444249,-123.1374952,Fukui-3_10/16/17 7:50:31 AM,,
665,Minnow,3,10/16/2017,10/18/2017,0,48.17449963,-123.1378334,Minnow-3_10/16/17 7:51:36 AM,,
666,Minnow,4,10/16/2017,10/18/2017,0,48.17555836,-123.1384031,Minnow-4_10/16/17 8:05:25 AM,,
667,Fukui,4,10/16/2017,10/18/2017,0,48.17541329,-123.1383022,Fukui-4_10/16/17 8:16:26 AM,,
668,Fukui,5,10/16/2017,10/18/2017,0,48.17527222,-123.1391916,Fukui-5_10/16/17 8:18:39 AM,,
669,Minnow,5,10/16/2017,10/18/2017,0,48.17527841,-123.1380366,Minnow-5_10/16/17 8:20:26 AM,,
670,Minnow,6,10/16/2017,10/18/2017,0,48.14671216,-123.1839846,Minnow-6_10/16/17 8:47:35 AM,,
671,Fukui,6,10/16/2017,10/18/2017,0,48.14649118,-123.1837914,Fukui-6_10/16/17 8:48:52 AM,,
672,Minnow,7,10/16/2017,10/18/2017,0,48.14647637,-123.1837037,Minnow-7_10/16/17 8:49:47 AM,,
673,Fukui,7,10/16/2017,10/18/2017,0,48.14648546,-123.1835614,Fukui-7_10/16/17 8:50:57 AM,,
627,Fukui,1,10/2/2017 7:51,10/5/2017,No,48.173333,-123.137438,Fukui-1_10/2/2017 7:51:08 AM,{79A3DF85-82DA-DCA8-DE64-2E244616BE77},Fukui-1_10/2/2017 7:51:08 AM
628,Fukui,2,10/2/2017 7:53,10/5/2017,No,48.173551,-123.137469,Fukui-2_10/2/2017 7:53:30 AM,{C5D5F814-783F-9263-E871-577904D0ADF9},Fukui-2_10/2/2017 7:53:30 AM
629,Minnow,1,10/2/2017 7:53,10/5/2017,No,48.17366,-123.137436,Minnow-1_10/2/2017 7:53:53 AM,{400C0A90-6BC7-3B3B-AB40-F760A47B67E8},Minnow-1_10/2/2017 7:53:53 AM
630,Fukui,3,10/2/2017 7:54,10/5/2017,No,48.173696,-123.137393,Fukui-3_10/2/2017 7:54:09 AM,{FC7A4231-FEED-1BFE-441D-39420CD6FC39},Fukui-3_10/2/2017 7:54:09 AM
631,Minnow,2,10/2/2017 7:54,10/5/2017,No,48.173733,-123.137329,Minnow-2_10/2/2017 7:54:26 AM,{6A6B2CE7-4D40-2EB3-271D-5818D6D6BD0B},Minnow-2_10/2/2017 7:54:26 AM
632,Fukui,4,10/2/2017 7:55,10/5/2017,No,48.173471,-123.137013,Fukui-4_10/2/2017 7:55:07 AM,{938D3DEF-6061-4D6D-49CD-7182C7ABB382},Fukui-4_10/2/2017 7:55:07 AM
633,Minnow,3,10/2/2017 7:55,10/5/2017,No,48.173427,-123.136946,Minnow-3_10/2/2017 7:55:37 AM,{57493EDA-57E9-DC10-AC44-AA9B1BB34263},Minnow-3_10/2/2017 7:55:37 AM
634,Fukui,5,10/2/2017 7:56,10/5/2017,No,48.173543,-123.136628,Fukui-5_10/2/2017 7:56:16 AM,{3F322C24-142C-4C44-5BBF-B1F7CDD901BE},Fukui-5_10/2/2017 7:56:16 AM
635,Minnow,4,10/2/2017 7:56,10/5/2017,No,48.173696,-123.136514,Minnow-4_10/2/2017 7:56:48 AM,{DF1C36DD-06D1-5486-BB24-B878D9AC3C00},Minnow-4_10/2/2017 7:56:48 AM
636,Fukui,6,10/2/2017 7:57,10/5/2017,No,48.173765,-123.136084,Fukui-6_10/2/2017 7:57:31 AM,{39A917DC-8396-94AC-B7B3-0701633D9760},Fukui-6_10/2/2017 7:57:31 AM
637,Fukui,7,10/2/2017 8:00,10/5/2017,No,48.173891,-123.136845,Fukui-7_10/2/2017 8:00:04 AM,{790BD3A3-BE4D-FA55-65E7-732A9F9F7D6D},Fukui-7_10/2/2017 8:00:04 AM
638,Minnow,5,10/2/2017 8:00,10/5/2017,No,48.173902,-123.137008,Minnow-5_10/2/2017 8:00:24 AM,{48E714AA-8C5B-CD8F-F887-0D921C9E0517},Minnow-5_10/2/2017 8:00:24 AM
639,Fukui,8,10/2/2017 8:01,10/5/2017,No,48.174406,-123.137454,Fukui-8_10/2/2017 8:01:21 AM,{617D0313-A540-7A76-B75D-F8D830997D03},Fukui-8_10/2/2017 8:01:21 AM
640,Minnow,6,10/2/2017 8:01,10/5/2017,No,48.1745,-123.13753,Minnow-6_10/2/2017 8:01:39 AM,{3312217B-9019-0A5A-C7C9-B4767B9ACF91},Minnow-6_10/2/2017 8:01:39 AM
641,Fukui,9,10/2/2017 8:04,10/5/2017,No,48.174516,-123.137872,Fukui-9_10/2/2017 8:04:55 AM,{8841E784-D9EB-BAE7-243E-E62ED5FF74F1},Fukui-9_10/2/2017 8:04:55 AM
642,Minnow,7,10/2/2017 8:05,10/5/2017,No,48.174579,-123.137981,Minnow-7_10/2/17 8:05:36 AM,{3C130523-AF93-6561-7BC7-3C5B5A70FA79},Minnow-7_10/2/17 8:05:36 AM
643,Fukui,10,10/2/2017 8:10,10/5/2017,No,48.17481,-123.137948,Fukui-10_10/2/2017 8:10:52 AM,{AD3FC443-C173-AA6E-A72D-3D0497141430},Fukui-10_10/2/2017 8:10:52 AM
644,Minnow,8,10/2/2017 8:11,10/5/2017,No,48.174936,-123.138046,Minnow-8_10/2/2017 8:11:59 AM,{7A026014-034F-5C7D-6621-7F2B45BEF703},Minnow-8_10/2/2017 8:11:59 AM
645,Minnow,9,10/2/2017 8:12,10/5/2017,No,48.175005,-123.13832,Minnow-9_10/2/2017 8:12:35 AM,{BC796971-9F36-A36F-D019-AFD857E52690},Minnow-9_10/2/2017 8:12:35 AM
646,Fukui,11,10/2/2017 8:13,10/5/2017,No,48.175068,-123.138418,Fukui-11_10/2/2017 8:13:04 AM,{46D96993-5B2C-6F02-800C-474CAAF7AB8E},Fukui-11_10/2/2017 8:13:04 AM
647,Minnow,10,10/2/2017 8:14,10/5/2017,No,48.174985,-123.138588,Minnow-10_10/2/2017 8:14:08 AM,{D0B04E59-C784-2233-E19E-CA585CD67D0D},Minnow-10_10/2/2017 8:14:08 AM
648,Fukui,12,10/2/2017 8:14,10/5/2017,No,48.174679,-123.138634,Fukui-12_10/2/2017 8:14:54 AM,{993B46D2-930F-BCC4-8A7B-F08F64C78BA1},Fukui-12_10/2/2017 8:14:54 AM
649,Minnow,11,10/2/2017 8:16,10/5/2017,No,48.175246,-123.1394,Minnow-11_10/2/2017 8:16:39 AM,{3A9E1CD0-6498-7CCE-6919-4BC82220A095},Minnow-11_10/2/2017 8:16:39 AM
650,Fukui,13,10/2/2017 8:18,10/5/2017,No,48.175279,-123.139291,Fukui-13_10/2/17 8:18:55 AM,{72C3B407-6FFD-7D23-F6F7-0E633E8CA000},Fukui-13_10/2/17 8:18:55 AM
651,Minnow,12,10/2/2017 8:20,10/5/2017,No,48.175297,-123.13914,Minnow-12_10/2/17 8:20:06 AM,{EDD12539-20F3-149E-9BC2-7C15690FCB9F},Minnow-12_10/2/17 8:20:06 AM
652,Minnow,13,10/2/2017 8:23,10/5/2017,No,48.17539,-123.139009,Minnow-13_10/2/17 8:23:39 AM,{45DA7588-381B-E625-9F41-8FA63325D432},Minnow-13_10/2/17 8:23:39 AM
653,Minnow,14,10/2/2017 8:24,10/5/2017,No,48.175434,-123.138938,Minnow-14_10/2/17 8:24:14 AM,{F9AAE338-12F7-A604-F9FD-36A121875D68},Minnow-14_10/2/17 8:24:14 AM
654,Fukui,14,10/2/2017 8:27,10/5/2017,No,48.175565,-123.138388,Fukui-14_10/2/17 8:27:24 AM,{7C72C81F-DF58-D830-189A-B465EDE3A76A},Fukui-14_10/2/17 8:27:24 AM
655,Fukui,15,10/2/2017 9:24,10/5/2017,No,48.146499,-123.183804,Fukui-15_10/2/17 9:24:04 AM,{3FA4698B-9131-0F6E-73FD-4DE4A30EE67A},Fukui-15_10/2/17 9:24:04 AM
656,Fukui,16,10/2/2017 9:24,10/5/2017,No,48.146488,-123.183734,Fukui-16_10/2/17 9:24:37 AM,{9E53F9BA-64E4-882F-CB7C-F62B79531BE5},Fukui-16_10/2/17 9:24:37 AM
657,Minnow,15,10/2/2017 9:25,10/5/2017,No,48.14645,-123.183638,Minnow-15_10/2/17 9:25:22 AM,{B18EDD88-FE98-1E64-3809-C750F4431AE2},Minnow-15_10/2/17 9:25:22 AM
658,Minnow,16,10/2/2017 9:26,10/5/2017,No,48.146687,-123.183941,Minnow-16_10/2/17 9:26:26 AM,{98743688-12A9-BC40-2999-28E43F38712B},Minnow-16_10/2/17 9:26:26 AM
